imageFile,maskFile,Number
0,34283.jpg,seg_34283.jpg,0
1,32192.jpg,seg_32192.jpg,1
2,IMG_6118.JPG,seg_IMG_6118.JPG,2
3,32690.jpg,seg_32690.jpg,3
4,33298.jpg,seg_33298.jpg,4
5,34292.jpg,seg_34292.jpg,5
6,32279.jpg,seg_32279.jpg,6
7,32218.jpg,seg_32218.jpg,7
8,32201.jpg,seg_32201.jpg,8
9,32882.jpg,seg_32882.jpg,9
10,32588.jpg,seg_32588.jpg,10
11,32771.jpg,seg_32771.jpg,11
12,12205.jpg,seg_12205.jpg,12
13,IMG_6030.JPG,seg_IMG_6030.JPG,13
14,32747.jpg,seg_32747.jpg,14
15,33227.jpg,seg_33227.jpg,15
16,32239.jpg,seg_32239.jpg,16
17,32691.jpg,seg_32691.jpg,17
18,34107.jpg,seg_34107.jpg,18
19,34268.jpg,seg_34268.jpg,19
20,32803.jpg,seg_32803.jpg,20
21,IMG_6054.JPG,seg_IMG_6054.JPG,21
22,34125.jpg,seg_34125.jpg,22
23,33179.jpg,seg_33179.jpg,23
24,32442.jpg,seg_32442.jpg,24
25,32230.jpg,seg_32230.jpg,25
26,32909.jpg,seg_32909.jpg,26
27,33603.jpg,seg_33603.jpg,27
28,IMG_6033.JPG,seg_IMG_6033.JPG,28
29,IMG_6008.JPG,seg_IMG_6008.JPG,29
30,IMG_6175.JPG,seg_IMG_6175.JPG,30
31,32370.jpg,seg_32370.jpg,31
32,32859.jpg,seg_32859.jpg,32
33,IMG_6044.JPG,seg_IMG_6044.JPG,33
34,32860.jpg,seg_32860.jpg,34
35,32770.jpg,seg_32770.jpg,35
36,IMG_6171.JPG,seg_IMG_6171.JPG,36
37,32173.jpg,seg_32173.jpg,37
38,IMG_6174.JPG,seg_IMG_6174.JPG,38
39,32710.jpg,seg_32710.jpg,39
40,32418.jpg,seg_32418.jpg,40
41,32441.jpg,seg_32441.jpg,41
42,34135.jpg,seg_34135.jpg,42
43,32835.jpg,seg_32835.jpg,43
44,32179.jpg,seg_32179.jpg,44
45,IMG_6083.JPG,seg_IMG_6083.JPG,45
46,34305.jpg,seg_34305.jpg,46
47,32528.jpg,seg_32528.jpg,47
48,34032.jpg,seg_34032.jpg,48
49,32539.jpg,seg_32539.jpg,49
50,33101.jpg,seg_33101.jpg,50
51,32523.jpg,seg_32523.jpg,51
52,32746.jpg,seg_32746.jpg,52
53,34010.jpg,seg_34010.jpg,53
54,32673.jpg,seg_32673.jpg,54
55,IMG_5956.JPG,seg_IMG_5956.JPG,55
56,32363.jpg,seg_32363.jpg,56
57,32767.jpg,seg_32767.jpg,57
58,33199.jpg,seg_33199.jpg,58
59,IMG_6154.JPG,seg_IMG_6154.JPG,59
60,33615.jpg,seg_33615.jpg,60
61,33176.jpg,seg_33176.jpg,61
62,32765.jpg,seg_32765.jpg,62
63,32226.jpg,seg_32226.jpg,63
64,32935.jpg,seg_32935.jpg,64
65,32517.jpg,seg_32517.jpg,65
66,32263.jpg,seg_32263.jpg,66
67,IMG_6170.JPG,seg_IMG_6170.JPG,67
68,32591.jpg,seg_32591.jpg,68
69,32487.jpg,seg_32487.jpg,69
70,32936.jpg,seg_32936.jpg,70
71,32481.jpg,seg_32481.jpg,71
72,33184.jpg,seg_33184.jpg,72
73,327.jpg,seg_327.jpg,73
74,IMG_6055.JPG,seg_IMG_6055.JPG,74
75,34286.jpg,seg_34286.jpg,75
76,32685.jpg,seg_32685.jpg,76
77,32899.jpg,seg_32899.jpg,77
78,34035.jpg,seg_34035.jpg,78
79,IMG_5995.JPG,seg_IMG_5995.JPG,79
80,IMG_6053.JPG,seg_IMG_6053.JPG,80
81,IMG_6096.JPG,seg_IMG_6096.JPG,81
82,IMG_5997.JPG,seg_IMG_5997.JPG,82
83,34308.jpg,seg_34308.jpg,83
84,33207.jpg,seg_33207.jpg,84
85,32575.jpg,seg_32575.jpg,85
86,IMG_6156.JPG,seg_IMG_6156.JPG,86
87,IMG_6198.JPG,seg_IMG_6198.JPG,87
88,38270.jpg,seg_38270.jpg,88
89,IMG_6139.JPG,seg_IMG_6139.JPG,89
90,33312.jpg,seg_33312.jpg,90
91,32245.jpg,seg_32245.jpg,91
92,32983.jpg,seg_32983.jpg,92
93,34029.jpg,seg_34029.jpg,93
94,32297.jpg,seg_32297.jpg,94
95,34263.jpg,seg_34263.jpg,95
96,IMG_5919.JPG,seg_IMG_5919.JPG,96
97,32496.jpg,seg_32496.jpg,97
98,IMG_6061.JPG,seg_IMG_6061.JPG,98
99,IMG_6151.JPG,seg_IMG_6151.JPG,99
100,32891.jpg,seg_32891.jpg,100
101,32299.jpg,seg_32299.jpg,101
102,34014.jpg,seg_34014.jpg,102
103,32794.jpg,seg_32794.jpg,103
104,32887.jpg,seg_32887.jpg,104
105,IMG_6091.JPG,seg_IMG_6091.JPG,105
106,32361.jpg,seg_32361.jpg,106
107,33034.jpg,seg_33034.jpg,107
108,37142.jpg,seg_37142.jpg,108
109,237.jpg,seg_237.jpg,109
110,IMG_5979.JPG,seg_IMG_5979.JPG,110
111,IMG_6123.JPG,seg_IMG_6123.JPG,111
112,32695.jpg,seg_32695.jpg,112
113,33670.jpg,seg_33670.jpg,113
114,34290.jpg,seg_34290.jpg,114
115,32458.jpg,seg_32458.jpg,115
116,34261.jpg,seg_34261.jpg,116
117,IMG_6041.JPG,seg_IMG_6041.JPG,117
118,37616.jpg,seg_37616.jpg,118
119,37020.jpg,seg_37020.jpg,119
120,34116.jpg,seg_34116.jpg,120
121,IMG_6157.JPG,seg_IMG_6157.JPG,121
122,34011.jpg,seg_34011.jpg,122
123,33289.jpg,seg_33289.jpg,123
124,33510.jpg,seg_33510.jpg,124
125,IMG_6003.JPG,seg_IMG_6003.JPG,125
126,32968.jpg,seg_32968.jpg,126
127,32716.jpg,seg_32716.jpg,127
128,32843.jpg,seg_32843.jpg,128
129,32200.jpg,seg_32200.jpg,129
130,34310.jpg,seg_34310.jpg,130
131,32699.jpg,seg_32699.jpg,131
132,12120.jpg,seg_12120.jpg,132
133,32750.jpg,seg_32750.jpg,133
134,34264.jpg,seg_34264.jpg,134
135,IMG_6075.JPG,seg_IMG_6075.JPG,135
136,33637.jpg,seg_33637.jpg,136
137,32696.jpg,seg_32696.jpg,137
138,32186.jpg,seg_32186.jpg,138
139,32915.jpg,seg_32915.jpg,139
140,32191.jpg,seg_32191.jpg,140
141,32285.jpg,seg_32285.jpg,141
142,38198.jpg,seg_38198.jpg,142
143,32723.jpg,seg_32723.jpg,143
144,32507.jpg,seg_32507.jpg,144
145,34137.jpg,seg_34137.jpg,145
146,32465.jpg,seg_32465.jpg,146
147,32356.jpg,seg_32356.jpg,147
148,32701.jpg,seg_32701.jpg,148
149,328.jpg,seg_328.jpg,149
150,IMG_5962.JPG,seg_IMG_5962.JPG,150
151,IMG_6201.JPG,seg_IMG_6201.JPG,151
152,32433.jpg,seg_32433.jpg,152
153,32954.jpg,seg_32954.jpg,153
154,32503.jpg,seg_32503.jpg,154
155,32948.jpg,seg_32948.jpg,155
156,32516.jpg,seg_32516.jpg,156
157,34099.jpg,seg_34099.jpg,157
158,32956.jpg,seg_32956.jpg,158
159,34112.jpg,seg_34112.jpg,159
160,IMG_6137.JPG,seg_IMG_6137.JPG,160
161,32185.jpg,seg_32185.jpg,161
162,IMG_6158.JPG,seg_IMG_6158.JPG,162
163,32713.jpg,seg_32713.jpg,163
164,IMG_5929.JPG,seg_IMG_5929.JPG,164
165,IMG_6068.JPG,seg_IMG_6068.JPG,165
166,IMG_6085.JPG,seg_IMG_6085.JPG,166
167,IMG_6133.JPG,seg_IMG_6133.JPG,167
168,IMG_6080.JPG,seg_IMG_6080.JPG,168
169,32925.jpg,seg_32925.jpg,169
170,33636.jpg,seg_33636.jpg,170
171,33604.jpg,seg_33604.jpg,171
172,33651.jpg,seg_33651.jpg,172
173,32223.jpg,seg_32223.jpg,173
174,234.jpg,seg_234.jpg,174
175,32615.jpg,seg_32615.jpg,175
176,33660.jpg,seg_33660.jpg,176
177,IMG_6187.JPG,seg_IMG_6187.JPG,177
178,33060.jpg,seg_33060.jpg,178
179,IMG_6104.JPG,seg_IMG_6104.JPG,179
180,33157.jpg,seg_33157.jpg,180
181,IMG_5954.JPG,seg_IMG_5954.JPG,181
182,32215.jpg,seg_32215.jpg,182
183,32617.jpg,seg_32617.jpg,183
184,32893.jpg,seg_32893.jpg,184
185,32333.jpg,seg_32333.jpg,185
186,37021.jpg,seg_37021.jpg,186
187,32974.jpg,seg_32974.jpg,187
188,37336.jpg,seg_37336.jpg,188
189,32953.jpg,seg_32953.jpg,189
190,32919.jpg,seg_32919.jpg,190
191,34250.jpg,seg_34250.jpg,191
192,12237.jpg,seg_12237.jpg,192
193,32198.jpg,seg_32198.jpg,193
194,34078.jpg,seg_34078.jpg,194
195,32976.jpg,seg_32976.jpg,195
196,32693.jpg,seg_32693.jpg,196
197,32242.jpg,seg_32242.jpg,197
198,34294.jpg,seg_34294.jpg,198
199,32944.jpg,seg_32944.jpg,199
200,34145.jpg,seg_34145.jpg,200
201,IMG_6097.JPG,seg_IMG_6097.JPG,201
202,32978.jpg,seg_32978.jpg,202
203,IMG_5935.JPG,seg_IMG_5935.JPG,203
204,32867.jpg,seg_32867.jpg,204
205,32440.jpg,seg_32440.jpg,205
206,34059.jpg,seg_34059.jpg,206
207,12238.jpg,seg_12238.jpg,207
208,IMG_6142.JPG,seg_IMG_6142.JPG,208
209,IMG_6098.JPG,seg_IMG_6098.JPG,209
210,33123.jpg,seg_33123.jpg,210
211,IMG_6077.JPG,seg_IMG_6077.JPG,211
212,32483.jpg,seg_32483.jpg,212
213,12122.jpg,seg_12122.jpg,213
214,32952.jpg,seg_32952.jpg,214
215,32913.jpg,seg_32913.jpg,215
216,32509.jpg,seg_32509.jpg,216
217,IMG_5944.JPG,seg_IMG_5944.JPG,217
218,32464.jpg,seg_32464.jpg,218
219,32220.jpg,seg_32220.jpg,219
220,34280.jpg,seg_34280.jpg,220
221,IMG_6002.JPG,seg_IMG_6002.JPG,221
222,32168.jpg,seg_32168.jpg,222
223,32964.jpg,seg_32964.jpg,223
224,34096.jpg,seg_34096.jpg,224
225,IMG_6177.JPG,seg_IMG_6177.JPG,225
226,32763.jpg,seg_32763.jpg,226
227,33072.jpg,seg_33072.jpg,227
228,32262.jpg,seg_32262.jpg,228
229,32966.jpg,seg_32966.jpg,229
230,34140.jpg,seg_34140.jpg,230
231,IMG_5914.JPG,seg_IMG_5914.JPG,231
232,32971.jpg,seg_32971.jpg,232
233,33174.jpg,seg_33174.jpg,233
234,38206.jpg,seg_38206.jpg,234
235,32508.jpg,seg_32508.jpg,235
236,32432.jpg,seg_32432.jpg,236
237,32960.jpg,seg_32960.jpg,237
238,32334.jpg,seg_32334.jpg,238
239,34247.jpg,seg_34247.jpg,239
240,32305.jpg,seg_32305.jpg,240
241,32530.jpg,seg_32530.jpg,241
242,32430.jpg,seg_32430.jpg,242
243,IMG_5917.JPG,seg_IMG_5917.JPG,243
244,32871.jpg,seg_32871.jpg,244
245,33071.jpg,seg_33071.jpg,245
246,33473.jpg,seg_33473.jpg,246
247,32863.jpg,seg_32863.jpg,247
248,36945.jpg,seg_36945.jpg,248
249,32217.jpg,seg_32217.jpg,249
250,32493.jpg,seg_32493.jpg,250
251,32907.jpg,seg_32907.jpg,251
252,32238.jpg,seg_32238.jpg,252
253,IMG_6089.JPG,seg_IMG_6089.JPG,253
254,34013.jpg,seg_34013.jpg,254
255,33133.jpg,seg_33133.jpg,255
256,33077.jpg,seg_33077.jpg,256
257,34075.jpg,seg_34075.jpg,257
258,33205.jpg,seg_33205.jpg,258
259,33085.jpg,seg_33085.jpg,259
260,33057.jpg,seg_33057.jpg,260
261,32708.jpg,seg_32708.jpg,261
262,38263.jpg,seg_38263.jpg,262
263,32600.jpg,seg_32600.jpg,263
264,32922.jpg,seg_32922.jpg,264
265,IMG_5950.JPG,seg_IMG_5950.JPG,265
266,33165.jpg,seg_33165.jpg,266
267,32463.jpg,seg_32463.jpg,267
268,32890.jpg,seg_32890.jpg,268
269,32787.jpg,seg_32787.jpg,269
270,32199.jpg,seg_32199.jpg,270
271,32492.jpg,seg_32492.jpg,271
272,32240.jpg,seg_32240.jpg,272
273,34317.jpg,seg_34317.jpg,273
274,34312.jpg,seg_34312.jpg,274
275,IMG_6073.JPG,seg_IMG_6073.JPG,275
276,34285.jpg,seg_34285.jpg,276
277,33182.jpg,seg_33182.jpg,277
278,32939.jpg,seg_32939.jpg,278
279,IMG_5920.JPG,seg_IMG_5920.JPG,279
280,IMG_6034.JPG,seg_IMG_6034.JPG,280
281,32480.jpg,seg_32480.jpg,281
282,IMG_6162.JPG,seg_IMG_6162.JPG,282
283,IMG_5918.JPG,seg_IMG_5918.JPG,283
284,32212.jpg,seg_32212.jpg,284
285,34094.jpg,seg_34094.jpg,285
286,IMG_6101.JPG,seg_IMG_6101.JPG,286
287,34054.jpg,seg_34054.jpg,287
288,33666.jpg,seg_33666.jpg,288
289,311.jpg,seg_311.jpg,289
290,IMG_6058.JPG,seg_IMG_6058.JPG,290
291,32674.jpg,seg_32674.jpg,291
292,33640.jpg,seg_33640.jpg,292
293,33171.jpg,seg_33171.jpg,293
294,37108.jpg,seg_37108.jpg,294
295,33160.jpg,seg_33160.jpg,295
296,34110.jpg,seg_34110.jpg,296
297,IMG_5967.JPG,seg_IMG_5967.JPG,297
298,IMG_6138.JPG,seg_IMG_6138.JPG,298
299,34076.jpg,seg_34076.jpg,299
300,12114.jpg,seg_12114.jpg,300
301,32709.jpg,seg_32709.jpg,301
302,IMG_6163.JPG,seg_IMG_6163.JPG,302
303,32241.jpg,seg_32241.jpg,303
304,IMG_6090.JPG,seg_IMG_6090.JPG,304
305,IMG_6065.JPG,seg_IMG_6065.JPG,305
306,32949.jpg,seg_32949.jpg,306
307,12149.jpg,seg_12149.jpg,307
308,32672.jpg,seg_32672.jpg,308
309,32665.jpg,seg_32665.jpg,309
310,IMG_6026.JPG,seg_IMG_6026.JPG,310
311,12202.jpg,seg_12202.jpg,311
312,IMG_5936.JPG,seg_IMG_5936.JPG,312
313,32684.jpg,seg_32684.jpg,313
314,IMG_5952.JPG,seg_IMG_5952.JPG,314
315,IMG_5958.JPG,seg_IMG_5958.JPG,315
316,32989.jpg,seg_32989.jpg,316
317,33509.jpg,seg_33509.jpg,317
318,34321.jpg,seg_34321.jpg,318
319,33159.jpg,seg_33159.jpg,319
320,38316.jpg,seg_38316.jpg,320
321,34144.jpg,seg_34144.jpg,321
322,32278.jpg,seg_32278.jpg,322
323,32277.jpg,seg_32277.jpg,323
324,32774.jpg,seg_32774.jpg,324
325,32532.jpg,seg_32532.jpg,325
326,34316.jpg,seg_34316.jpg,326
327,37095.jpg,seg_37095.jpg,327
328,32791.jpg,seg_32791.jpg,328
329,34269.jpg,seg_34269.jpg,329
330,32783.jpg,seg_32783.jpg,330
331,IMG_6001.JPG,seg_IMG_6001.JPG,331
332,33294.jpg,seg_33294.jpg,332
333,32586.jpg,seg_32586.jpg,333
334,33657.jpg,seg_33657.jpg,334
335,34251.jpg,seg_34251.jpg,335
336,IMG_5927.JPG,seg_IMG_5927.JPG,336
337,IMG_6047.JPG,seg_IMG_6047.JPG,337
338,32478.jpg,seg_32478.jpg,338
339,IMG_6045.JPG,seg_IMG_6045.JPG,339
340,34275.jpg,seg_34275.jpg,340
341,IMG_6062.JPG,seg_IMG_6062.JPG,341
342,IMG_6143.JPG,seg_IMG_6143.JPG,342
343,IMG_6152.JPG,seg_IMG_6152.JPG,343
344,319.jpg,seg_319.jpg,344
345,IMG_5931.JPG,seg_IMG_5931.JPG,345
346,38180.jpg,seg_38180.jpg,346
347,33514.jpg,seg_33514.jpg,347
348,33175.jpg,seg_33175.jpg,348
349,IMG_6119.JPG,seg_IMG_6119.JPG,349
350,34040.jpg,seg_34040.jpg,350
351,32599.jpg,seg_32599.jpg,351
352,32888.jpg,seg_32888.jpg,352
353,32950.jpg,seg_32950.jpg,353
354,33661.jpg,seg_33661.jpg,354
355,IMG_6009.JPG,seg_IMG_6009.JPG,355
356,IMG_5921.JPG,seg_IMG_5921.JPG,356
357,32741.jpg,seg_32741.jpg,357
358,IMG_6032.JPG,seg_IMG_6032.JPG,358
359,33127.jpg,seg_33127.jpg,359
360,32253.jpg,seg_32253.jpg,360
361,33628.jpg,seg_33628.jpg,361
362,34027.jpg,seg_34027.jpg,362
363,33638.jpg,seg_33638.jpg,363
364,32918.jpg,seg_32918.jpg,364
365,32208.jpg,seg_32208.jpg,365
366,IMG_6199.JPG,seg_IMG_6199.JPG,366
367,IMG_6165.JPG,seg_IMG_6165.JPG,367
368,32947.jpg,seg_32947.jpg,368
369,32196.jpg,seg_32196.jpg,369
370,IMG_6182.JPG,seg_IMG_6182.JPG,370
371,IMG_6070.JPG,seg_IMG_6070.JPG,371
372,IMG_6059.JPG,seg_IMG_6059.JPG,372
373,32718.jpg,seg_32718.jpg,373
374,32755.jpg,seg_32755.jpg,374
375,32207.jpg,seg_32207.jpg,375
376,12200.jpg,seg_12200.jpg,376
377,32671.jpg,seg_32671.jpg,377
378,33087.jpg,seg_33087.jpg,378
379,IMG_6007.JPG,seg_IMG_6007.JPG,379
380,32431.jpg,seg_32431.jpg,380
381,235.jpg,seg_235.jpg,381
382,34249.jpg,seg_34249.jpg,382
383,32927.jpg,seg_32927.jpg,383
384,IMG_6172.JPG,seg_IMG_6172.JPG,384
385,38194.jpg,seg_38194.jpg,385
386,IMG_5994.JPG,seg_IMG_5994.JPG,386
387,IMG_6057.JPG,seg_IMG_6057.JPG,387
388,32630.jpg,seg_32630.jpg,388
389,32482.jpg,seg_32482.jpg,389
390,33109.jpg,seg_33109.jpg,390
391,32229.jpg,seg_32229.jpg,391
392,IMG_6063.JPG,seg_IMG_6063.JPG,392
393,302.jpg,seg_302.jpg,393
394,32529.jpg,seg_32529.jpg,394
395,32211.jpg,seg_32211.jpg,395
396,32857.jpg,seg_32857.jpg,396
397,32732.jpg,seg_32732.jpg,397
398,34088.jpg,seg_34088.jpg,398
399,32796.jpg,seg_32796.jpg,399
400,32754.jpg,seg_32754.jpg,400
401,37602.jpg,seg_37602.jpg,401
402,12197.jpg,seg_12197.jpg,402
403,33300.jpg,seg_33300.jpg,403
404,32228.jpg,seg_32228.jpg,404
405,32611.jpg,seg_32611.jpg,405
406,32565.jpg,seg_32565.jpg,406
407,32309.jpg,seg_32309.jpg,407
408,33641.jpg,seg_33641.jpg,408
409,32343.jpg,seg_32343.jpg,409
410,32806.jpg,seg_32806.jpg,410
411,33177.jpg,seg_33177.jpg,411
412,34241.jpg,seg_34241.jpg,412
413,34289.jpg,seg_34289.jpg,413
414,32926.jpg,seg_32926.jpg,414
415,IMG_6004.JPG,seg_IMG_6004.JPG,415
416,32911.jpg,seg_32911.jpg,416
417,32175.jpg,seg_32175.jpg,417
418,33181.jpg,seg_33181.jpg,418
419,34118.jpg,seg_34118.jpg,419
420,37023.jpg,seg_37023.jpg,420
421,317.jpg,seg_317.jpg,421
422,12171.jpg,seg_12171.jpg,422
423,32597.jpg,seg_32597.jpg,423
424,IMG_6110.JPG,seg_IMG_6110.JPG,424
425,32315.jpg,seg_32315.jpg,425
426,33088.jpg,seg_33088.jpg,426
427,IMG_6109.JPG,seg_IMG_6109.JPG,427
428,32205.jpg,seg_32205.jpg,428
429,33291.jpg,seg_33291.jpg,429
430,32434.jpg,seg_32434.jpg,430
431,IMG_6127.JPG,seg_IMG_6127.JPG,431
432,33032.jpg,seg_33032.jpg,432
433,32257.jpg,seg_32257.jpg,433
434,IMG_6076.JPG,seg_IMG_6076.JPG,434
435,33299.jpg,seg_33299.jpg,435
436,32258.jpg,seg_32258.jpg,436
437,32505.jpg,seg_32505.jpg,437
438,34243.jpg,seg_34243.jpg,438
439,IMG_5973.JPG,seg_IMG_5973.JPG,439
440,IMG_6081.JPG,seg_IMG_6081.JPG,440
441,32203.jpg,seg_32203.jpg,441
442,32447.jpg,seg_32447.jpg,442
443,32601.jpg,seg_32601.jpg,443
444,34143.jpg,seg_34143.jpg,444
445,12240.jpg,seg_12240.jpg,445
446,32270.jpg,seg_32270.jpg,446
447,32855.jpg,seg_32855.jpg,447
448,IMG_5957.JPG,seg_IMG_5957.JPG,448
449,IMG_5986.JPG,seg_IMG_5986.JPG,449
450,32731.jpg,seg_32731.jpg,450
451,33623.jpg,seg_33623.jpg,451
452,34018.jpg,seg_34018.jpg,452
453,IMG_5932.JPG,seg_IMG_5932.JPG,453
454,34120.jpg,seg_34120.jpg,454
455,38262.jpg,seg_38262.jpg,455
456,32908.jpg,seg_32908.jpg,456
457,32250.jpg,seg_32250.jpg,457
458,32454.jpg,seg_32454.jpg,458
459,IMG_6136.JPG,seg_IMG_6136.JPG,459
460,32622.jpg,seg_32622.jpg,460
461,32719.jpg,seg_32719.jpg,461
462,37112.jpg,seg_37112.jpg,462
463,IMG_6141.JPG,seg_IMG_6141.JPG,463
464,32991.jpg,seg_32991.jpg,464
465,IMG_6140.JPG,seg_IMG_6140.JPG,465
466,32902.jpg,seg_32902.jpg,466
467,32367.jpg,seg_32367.jpg,467
468,12174.jpg,seg_12174.jpg,468
469,32520.jpg,seg_32520.jpg,469
470,IMG_6050.JPG,seg_IMG_6050.JPG,470
471,34270.jpg,seg_34270.jpg,471
472,33056.jpg,seg_33056.jpg,472
473,34106.jpg,seg_34106.jpg,473
474,IMG_6051.JPG,seg_IMG_6051.JPG,474
475,32733.jpg,seg_32733.jpg,475
476,IMG_6108.JPG,seg_IMG_6108.JPG,476
477,33672.jpg,seg_33672.jpg,477
478,32224.jpg,seg_32224.jpg,478
479,32898.jpg,seg_32898.jpg,479
480,IMG_5910.JPG,seg_IMG_5910.JPG,480
481,IMG_6121.JPG,seg_IMG_6121.JPG,481
482,33642.jpg,seg_33642.jpg,482
483,32328.jpg,seg_32328.jpg,483
484,32760.jpg,seg_32760.jpg,484
485,37139.jpg,seg_37139.jpg,485
486,32295.jpg,seg_32295.jpg,486
487,32566.jpg,seg_32566.jpg,487
488,37246.jpg,seg_37246.jpg,488
489,33201.jpg,seg_33201.jpg,489
490,32738.jpg,seg_32738.jpg,490
491,32993.jpg,seg_32993.jpg,491
492,34093.jpg,seg_34093.jpg,492
493,37027.jpg,seg_37027.jpg,493
494,33302.jpg,seg_33302.jpg,494
495,32712.jpg,seg_32712.jpg,495
496,32176.jpg,seg_32176.jpg,496
497,32436.jpg,seg_32436.jpg,497
498,32885.jpg,seg_32885.jpg,498
499,34318.jpg,seg_34318.jpg,499
500,329.jpg,seg_329.jpg,500
501,33472.jpg,seg_33472.jpg,501
502,34063.jpg,seg_34063.jpg,502
503,IMG_6048.JPG,seg_IMG_6048.JPG,503
504,32237.jpg,seg_32237.jpg,504
505,IMG_6173.JPG,seg_IMG_6173.JPG,505
506,32900.jpg,seg_32900.jpg,506
507,32906.jpg,seg_32906.jpg,507
508,IMG_5951.JPG,seg_IMG_5951.JPG,508
509,33476.jpg,seg_33476.jpg,509
510,IMG_5974.JPG,seg_IMG_5974.JPG,510
511,32916.jpg,seg_32916.jpg,511
512,IMG_5915.JPG,seg_IMG_5915.JPG,512
513,34139.jpg,seg_34139.jpg,513
514,32193.jpg,seg_32193.jpg,514
515,32513.jpg,seg_32513.jpg,515
516,32160.jpg,seg_32160.jpg,516
517,IMG_5925.JPG,seg_IMG_5925.JPG,517
518,32702.jpg,seg_32702.jpg,518
519,308.jpg,seg_308.jpg,519
520,IMG_6112.JPG,seg_IMG_6112.JPG,520
521,IMG_5953.JPG,seg_IMG_5953.JPG,521
522,IMG_5961.JPG,seg_IMG_5961.JPG,522
523,34307.jpg,seg_34307.jpg,523
524,33202.jpg,seg_33202.jpg,524
525,IMG_6069.JPG,seg_IMG_6069.JPG,525
526,37029.jpg,seg_37029.jpg,526
527,310.jpg,seg_310.jpg,527
528,32715.jpg,seg_32715.jpg,528
529,33222.jpg,seg_33222.jpg,529
530,IMG_5912.JPG,seg_IMG_5912.JPG,530
531,33170.jpg,seg_33170.jpg,531
532,32506.jpg,seg_32506.jpg,532
533,32804.jpg,seg_32804.jpg,533
534,34033.jpg,seg_34033.jpg,534
535,32749.jpg,seg_32749.jpg,535
536,32721.jpg,seg_32721.jpg,536
537,IMG_6183.JPG,seg_IMG_6183.JPG,537
538,34244.jpg,seg_34244.jpg,538
539,32294.jpg,seg_32294.jpg,539
540,33098.jpg,seg_33098.jpg,540
541,34320.jpg,seg_34320.jpg,541
542,33659.jpg,seg_33659.jpg,542
543,32335.jpg,seg_32335.jpg,543
544,34101.jpg,seg_34101.jpg,544
545,37025.jpg,seg_37025.jpg,545
546,32756.jpg,seg_32756.jpg,546
547,32451.jpg,seg_32451.jpg,547
548,32984.jpg,seg_32984.jpg,548
549,34124.jpg,seg_34124.jpg,549
550,34300.jpg,seg_34300.jpg,550
551,IMG_6005.JPG,seg_IMG_6005.JPG,551
552,34012.jpg,seg_34012.jpg,552
553,IMG_6197.JPG,seg_IMG_6197.JPG,553
554,33652.jpg,seg_33652.jpg,554
555,37383.jpg,seg_37383.jpg,555
556,32322.jpg,seg_32322.jpg,556
557,IMG_5938.JPG,seg_IMG_5938.JPG,557
558,38265.jpg,seg_38265.jpg,558
559,32801.jpg,seg_32801.jpg,559
560,32468.jpg,seg_32468.jpg,560
561,IMG_5964.JPG,seg_IMG_5964.JPG,561
562,32188.jpg,seg_32188.jpg,562
563,IMG_6024.JPG,seg_IMG_6024.JPG,563
564,33156.jpg,seg_33156.jpg,564
565,32332.jpg,seg_32332.jpg,565
566,12147.jpg,seg_12147.jpg,566
567,33311.jpg,seg_33311.jpg,567
568,32932.jpg,seg_32932.jpg,568
569,12150.jpg,seg_12150.jpg,569
570,IMG_6084.JPG,seg_IMG_6084.JPG,570
571,32904.jpg,seg_32904.jpg,571
572,32790.jpg,seg_32790.jpg,572
573,34266.jpg,seg_34266.jpg,573
574,32260.jpg,seg_32260.jpg,574
575,326.jpg,seg_326.jpg,575
576,IMG_6017.JPG,seg_IMG_6017.JPG,576
577,34295.jpg,seg_34295.jpg,577
578,34123.jpg,seg_34123.jpg,578
579,IMG_6192.JPG,seg_IMG_6192.JPG,579
580,IMG_6086.JPG,seg_IMG_6086.JPG,580
581,32769.jpg,seg_32769.jpg,581
582,32734.jpg,seg_32734.jpg,582
583,34019.jpg,seg_34019.jpg,583
584,32365.jpg,seg_32365.jpg,584
585,IMG_5959.JPG,seg_IMG_5959.JPG,585
586,37541.jpg,seg_37541.jpg,586
587,32429.jpg,seg_32429.jpg,587
588,34079.jpg,seg_34079.jpg,588
589,32162.jpg,seg_32162.jpg,589
590,37014.jpg,seg_37014.jpg,590
591,32255.jpg,seg_32255.jpg,591
592,32209.jpg,seg_32209.jpg,592
593,33025.jpg,seg_33025.jpg,593
594,33295.jpg,seg_33295.jpg,594
595,32183.jpg,seg_32183.jpg,595
596,33296.jpg,seg_33296.jpg,596
597,32957.jpg,seg_32957.jpg,597
598,34314.jpg,seg_34314.jpg,598
599,32247.jpg,seg_32247.jpg,599
600,33507.jpg,seg_33507.jpg,600
601,32171.jpg,seg_32171.jpg,601
602,37591.jpg,seg_37591.jpg,602
603,32959.jpg,seg_32959.jpg,603
604,IMG_6155.JPG,seg_IMG_6155.JPG,604
605,33654.jpg,seg_33654.jpg,605
606,IMG_6023.JPG,seg_IMG_6023.JPG,606
607,32534.jpg,seg_32534.jpg,607
608,32683.jpg,seg_32683.jpg,608
609,12123.jpg,seg_12123.jpg,609
610,33039.jpg,seg_33039.jpg,610
611,33655.jpg,seg_33655.jpg,611
612,37141.jpg,seg_37141.jpg,612
613,32992.jpg,seg_32992.jpg,613
614,32634.jpg,seg_32634.jpg,614
615,37026.jpg,seg_37026.jpg,615
616,IMG_5996.JPG,seg_IMG_5996.JPG,616
617,32466.jpg,seg_32466.jpg,617
618,12226.jpg,seg_12226.jpg,618
619,33508.jpg,seg_33508.jpg,619
620,IMG_6159.JPG,seg_IMG_6159.JPG,620
621,IMG_6168.JPG,seg_IMG_6168.JPG,621
622,32864.jpg,seg_32864.jpg,622
623,32282.jpg,seg_32282.jpg,623
624,32934.jpg,seg_32934.jpg,624
625,32987.jpg,seg_32987.jpg,625
626,34252.jpg,seg_34252.jpg,626
627,34313.jpg,seg_34313.jpg,627
628,32942.jpg,seg_32942.jpg,628
629,34055.jpg,seg_34055.jpg,629
630,38221.jpg,seg_38221.jpg,630
631,33512.jpg,seg_33512.jpg,631
632,32912.jpg,seg_32912.jpg,632
633,33061.jpg,seg_33061.jpg,633
634,IMG_5949.JPG,seg_IMG_5949.JPG,634
635,34274.jpg,seg_34274.jpg,635
636,32369.jpg,seg_32369.jpg,636
637,32880.jpg,seg_32880.jpg,637
638,IMG_6200.JPG,seg_IMG_6200.JPG,638
639,32967.jpg,seg_32967.jpg,639
640,34105.jpg,seg_34105.jpg,640
641,IMG_6132.JPG,seg_IMG_6132.JPG,641
642,IMG_6027.JPG,seg_IMG_6027.JPG,642
643,32346.jpg,seg_32346.jpg,643
644,33167.jpg,seg_33167.jpg,644
645,IMG_5930.JPG,seg_IMG_5930.JPG,645
646,32272.jpg,seg_32272.jpg,646
647,32243.jpg,seg_32243.jpg,647
648,236.jpg,seg_236.jpg,648
649,32456.jpg,seg_32456.jpg,649
650,37107.jpg,seg_37107.jpg,650
651,32582.jpg,seg_32582.jpg,651
652,34016.jpg,seg_34016.jpg,652
653,32616.jpg,seg_32616.jpg,653
654,IMG_5916.JPG,seg_IMG_5916.JPG,654
655,32256.jpg,seg_32256.jpg,655
656,IMG_5971.JPG,seg_IMG_5971.JPG,656
657,IMG_6188.JPG,seg_IMG_6188.JPG,657
658,32450.jpg,seg_32450.jpg,658
659,32629.jpg,seg_32629.jpg,659
660,34302.jpg,seg_34302.jpg,660
661,33198.jpg,seg_33198.jpg,661
662,33646.jpg,seg_33646.jpg,662
663,32210.jpg,seg_32210.jpg,663
664,32444.jpg,seg_32444.jpg,664
665,32486.jpg,seg_32486.jpg,665
666,IMG_6128.JPG,seg_IMG_6128.JPG,666
667,301.jpg,seg_301.jpg,667
668,IMG_5947.JPG,seg_IMG_5947.JPG,668
669,33616.jpg,seg_33616.jpg,669
670,32357.jpg,seg_32357.jpg,670
671,IMG_5969.JPG,seg_IMG_5969.JPG,671
672,IMG_6117.JPG,seg_IMG_6117.JPG,672
673,IMG_6006.JPG,seg_IMG_6006.JPG,673
674,33183.jpg,seg_33183.jpg,674
675,32931.jpg,seg_32931.jpg,675
676,32271.jpg,seg_32271.jpg,676
677,32437.jpg,seg_32437.jpg,677
678,32903.jpg,seg_32903.jpg,678
679,32626.jpg,seg_32626.jpg,679
680,IMG_6072.JPG,seg_IMG_6072.JPG,680
681,37118.jpg,seg_37118.jpg,681
682,32446.jpg,seg_32446.jpg,682
683,IMG_6022.JPG,seg_IMG_6022.JPG,683
684,34057.jpg,seg_34057.jpg,684
685,IMG_6180.JPG,seg_IMG_6180.JPG,685
686,34278.jpg,seg_34278.jpg,686
687,37557.jpg,seg_37557.jpg,687
688,32547.jpg,seg_32547.jpg,688
689,32704.jpg,seg_32704.jpg,689
690,32577.jpg,seg_32577.jpg,690
691,IMG_6107.JPG,seg_IMG_6107.JPG,691
692,32221.jpg,seg_32221.jpg,692
693,32244.jpg,seg_32244.jpg,693
694,34254.jpg,seg_34254.jpg,694
695,257.jpg,seg_257.jpg,695
696,33163.jpg,seg_33163.jpg,696
697,33221.jpg,seg_33221.jpg,697
698,32614.jpg,seg_32614.jpg,698
699,32897.jpg,seg_32897.jpg,699
700,33104.jpg,seg_33104.jpg,700
701,33301.jpg,seg_33301.jpg,701
702,IMG_6184.JPG,seg_IMG_6184.JPG,702
703,IMG_6179.JPG,seg_IMG_6179.JPG,703
704,32427.jpg,seg_32427.jpg,704
705,IMG_6189.JPG,seg_IMG_6189.JPG,705
706,318.jpg,seg_318.jpg,706
707,32426.jpg,seg_32426.jpg,707
708,38261.jpg,seg_38261.jpg,708
709,33036.jpg,seg_33036.jpg,709
710,32453.jpg,seg_32453.jpg,710
711,IMG_6176.JPG,seg_IMG_6176.JPG,711
712,33108.jpg,seg_33108.jpg,712
713,IMG_5933.JPG,seg_IMG_5933.JPG,713
714,32556.jpg,seg_32556.jpg,714
715,32293.jpg,seg_32293.jpg,715
716,32511.jpg,seg_32511.jpg,716
717,37583.jpg,seg_37583.jpg,717
718,32317.jpg,seg_32317.jpg,718
719,34058.jpg,seg_34058.jpg,719
720,37137.jpg,seg_37137.jpg,720
721,33120.jpg,seg_33120.jpg,721
722,32490.jpg,seg_32490.jpg,722
723,32789.jpg,seg_32789.jpg,723
724,32177.jpg,seg_32177.jpg,724
725,IMG_6105.JPG,seg_IMG_6105.JPG,725
726,33649.jpg,seg_33649.jpg,726
727,32773.jpg,seg_32773.jpg,727
728,34122.jpg,seg_34122.jpg,728
729,IMG_6186.JPG,seg_IMG_6186.JPG,729
730,32786.jpg,seg_32786.jpg,730
731,32687.jpg,seg_32687.jpg,731
732,33229.jpg,seg_33229.jpg,732
733,34015.jpg,seg_34015.jpg,733
734,34272.jpg,seg_34272.jpg,734
735,12203.jpg,seg_12203.jpg,735
736,33617.jpg,seg_33617.jpg,736
737,33475.jpg,seg_33475.jpg,737
738,32227.jpg,seg_32227.jpg,738
739,32579.jpg,seg_32579.jpg,739
740,34298.jpg,seg_34298.jpg,740
741,38207.jpg,seg_38207.jpg,741
742,32264.jpg,seg_32264.jpg,742
743,34304.jpg,seg_34304.jpg,743
744,IMG_6052.JPG,seg_IMG_6052.JPG,744
745,32435.jpg,seg_32435.jpg,745
746,33228.jpg,seg_33228.jpg,746
747,34007.jpg,seg_34007.jpg,747
748,32234.jpg,seg_32234.jpg,748
749,34060.jpg,seg_34060.jpg,749
750,32195.jpg,seg_32195.jpg,750
751,33667.jpg,seg_33667.jpg,751
752,32372.jpg,seg_32372.jpg,752
753,32502.jpg,seg_32502.jpg,753
754,34141.jpg,seg_34141.jpg,754
755,32745.jpg,seg_32745.jpg,755
756,IMG_6100.JPG,seg_IMG_6100.JPG,756
757,33112.jpg,seg_33112.jpg,757
758,32576.jpg,seg_32576.jpg,758
759,33290.jpg,seg_33290.jpg,759
760,33110.jpg,seg_33110.jpg,760
761,32189.jpg,seg_32189.jpg,761
762,32766.jpg,seg_32766.jpg,762
763,IMG_6130.JPG,seg_IMG_6130.JPG,763
764,34028.jpg,seg_34028.jpg,764
765,38328.jpg,seg_38328.jpg,765
766,32828.jpg,seg_32828.jpg,766
767,34069.jpg,seg_34069.jpg,767
768,32494.jpg,seg_32494.jpg,768
769,32698.jpg,seg_32698.jpg,769
770,32166.jpg,seg_32166.jpg,770
771,32331.jpg,seg_32331.jpg,771
772,32526.jpg,seg_32526.jpg,772
773,33288.jpg,seg_33288.jpg,773
774,33204.jpg,seg_33204.jpg,774
775,32445.jpg,seg_32445.jpg,775
776,32273.jpg,seg_32273.jpg,776
777,32930.jpg,seg_32930.jpg,777
778,34006.jpg,seg_34006.jpg,778
779,32172.jpg,seg_32172.jpg,779
780,33605.jpg,seg_33605.jpg,780
781,36961.jpg,seg_36961.jpg,781
782,IMG_6185.JPG,seg_IMG_6185.JPG,782
783,32982.jpg,seg_32982.jpg,783
784,32533.jpg,seg_32533.jpg,784
785,32522.jpg,seg_32522.jpg,785
786,32584.jpg,seg_32584.jpg,786
787,33035.jpg,seg_33035.jpg,787
788,32810.jpg,seg_32810.jpg,788
789,33982.jpg,seg_33982.jpg,789
790,32886.jpg,seg_32886.jpg,790
791,34262.jpg,seg_34262.jpg,791
792,32929.jpg,seg_32929.jpg,792
793,33055.jpg,seg_33055.jpg,793
794,32884.jpg,seg_32884.jpg,794
795,32470.jpg,seg_32470.jpg,795
796,32883.jpg,seg_32883.jpg,796
797,33485.jpg,seg_33485.jpg,797
798,34095.jpg,seg_34095.jpg,798
799,12148.jpg,seg_12148.jpg,799
800,33131.jpg,seg_33131.jpg,800
801,32281.jpg,seg_32281.jpg,801
802,32805.jpg,seg_32805.jpg,802
803,32737.jpg,seg_32737.jpg,803
804,32621.jpg,seg_32621.jpg,804
805,32744.jpg,seg_32744.jpg,805
806,32202.jpg,seg_32202.jpg,806
807,34301.jpg,seg_34301.jpg,807
808,IMG_6078.JPG,seg_IMG_6078.JPG,808
809,IMG_5948.JPG,seg_IMG_5948.JPG,809
810,33527.jpg,seg_33527.jpg,810
811,IMG_6031.JPG,seg_IMG_6031.JPG,811
812,IMG_6202.JPG,seg_IMG_6202.JPG,812
813,32587.jpg,seg_32587.jpg,813
814,32631.jpg,seg_32631.jpg,814
815,32280.jpg,seg_32280.jpg,815
816,32965.jpg,seg_32965.jpg,816
817,IMG_5945.JPG,seg_IMG_5945.JPG,817
818,34102.jpg,seg_34102.jpg,818
819,33648.jpg,seg_33648.jpg,819
820,33474.jpg,seg_33474.jpg,820
821,IMG_6099.JPG,seg_IMG_6099.JPG,821
822,305.jpg,seg_305.jpg,822
823,12229.jpg,seg_12229.jpg,823
824,33305.jpg,seg_33305.jpg,824
825,34104.jpg,seg_34104.jpg,825
826,32703.jpg,seg_32703.jpg,826
827,33477.jpg,seg_33477.jpg,827
828,33226.jpg,seg_33226.jpg,828
829,34056.jpg,seg_34056.jpg,829
830,32190.jpg,seg_32190.jpg,830
831,12199.jpg,seg_12199.jpg,831
832,IMG_6135.JPG,seg_IMG_6135.JPG,832
833,33180.jpg,seg_33180.jpg,833
834,34100.jpg,seg_34100.jpg,834
835,32259.jpg,seg_32259.jpg,835
836,32628.jpg,seg_32628.jpg,836
837,32265.jpg,seg_32265.jpg,837
838,IMG_6191.JPG,seg_IMG_6191.JPG,838
839,IMG_6040.JPG,seg_IMG_6040.JPG,839
840,34132.jpg,seg_34132.jpg,840
841,IMG_6092.JPG,seg_IMG_6092.JPG,841
842,32962.jpg,seg_32962.jpg,842
843,33093.jpg,seg_33093.jpg,843
844,33479.jpg,seg_33479.jpg,844
845,34142.jpg,seg_34142.jpg,845
846,38208.jpg,seg_38208.jpg,846
847,34021.jpg,seg_34021.jpg,847
848,IMG_5911.JPG,seg_IMG_5911.JPG,848
849,32515.jpg,seg_32515.jpg,849
850,32928.jpg,seg_32928.jpg,850
851,12201.jpg,seg_12201.jpg,851
852,34109.jpg,seg_34109.jpg,852
853,32353.jpg,seg_32353.jpg,853
854,34082.jpg,seg_34082.jpg,854
855,IMG_6196.JPG,seg_IMG_6196.JPG,855
856,32362.jpg,seg_32362.jpg,856
857,32350.jpg,seg_32350.jpg,857
858,32553.jpg,seg_32553.jpg,858
859,32194.jpg,seg_32194.jpg,859
860,33161.jpg,seg_33161.jpg,860
861,32286.jpg,seg_32286.jpg,861
862,IMG_6111.JPG,seg_IMG_6111.JPG,862
863,32170.jpg,seg_32170.jpg,863
864,IMG_6193.JPG,seg_IMG_6193.JPG,864
865,32635.jpg,seg_32635.jpg,865
866,36943.jpg,seg_36943.jpg,866
867,33106.jpg,seg_33106.jpg,867
868,33625.jpg,seg_33625.jpg,868
869,32161.jpg,seg_32161.jpg,869
870,32921.jpg,seg_32921.jpg,870
871,33053.jpg,seg_33053.jpg,871
872,32275.jpg,seg_32275.jpg,872
873,IMG_6203.JPG,seg_IMG_6203.JPG,873
874,32990.jpg,seg_32990.jpg,874
875,IMG_6122.JPG,seg_IMG_6122.JPG,875
876,32627.jpg,seg_32627.jpg,876
877,IMG_6071.JPG,seg_IMG_6071.JPG,877
878,34030.jpg,seg_34030.jpg,878
879,32905.jpg,seg_32905.jpg,879
880,32869.jpg,seg_32869.jpg,880
881,34090.jpg,seg_34090.jpg,881
882,IMG_6190.JPG,seg_IMG_6190.JPG,882
883,32364.jpg,seg_32364.jpg,883
884,34276.jpg,seg_34276.jpg,884
885,32292.jpg,seg_32292.jpg,885
886,34319.jpg,seg_34319.jpg,886
887,IMG_5955.JPG,seg_IMG_5955.JPG,887
888,IMG_6067.JPG,seg_IMG_6067.JPG,888
889,34009.jpg,seg_34009.jpg,889
890,32452.jpg,seg_32452.jpg,890
891,34288.jpg,seg_34288.jpg,891
892,32525.jpg,seg_32525.jpg,892
893,32870.jpg,seg_32870.jpg,893
894,IMG_6043.JPG,seg_IMG_6043.JPG,894
895,33614.jpg,seg_33614.jpg,895
896,34072.jpg,seg_34072.jpg,896
897,37115.jpg,seg_37115.jpg,897
898,IMG_6169.JPG,seg_IMG_6169.JPG,898
899,32811.jpg,seg_32811.jpg,899
900,309.jpg,seg_309.jpg,900
901,32555.jpg,seg_32555.jpg,901
902,33193.jpg,seg_33193.jpg,902
903,32219.jpg,seg_32219.jpg,903
904,32491.jpg,seg_32491.jpg,904
905,32963.jpg,seg_32963.jpg,905
906,300.jpg,seg_300.jpg,906
907,32469.jpg,seg_32469.jpg,907
908,12204.jpg,seg_12204.jpg,908
909,32206.jpg,seg_32206.jpg,909
910,32368.jpg,seg_32368.jpg,910
911,34240.jpg,seg_34240.jpg,911
912,34245.jpg,seg_34245.jpg,912
913,33645.jpg,seg_33645.jpg,913
914,32428.jpg,seg_32428.jpg,914
915,32961.jpg,seg_32961.jpg,915
916,33293.jpg,seg_33293.jpg,916
917,34134.jpg,seg_34134.jpg,917
918,32276.jpg,seg_32276.jpg,918
919,IMG_6164.JPG,seg_IMG_6164.JPG,919
920,IMG_5963.JPG,seg_IMG_5963.JPG,920
921,32527.jpg,seg_32527.jpg,921
922,32714.jpg,seg_32714.jpg,922
923,32338.jpg,seg_32338.jpg,923
924,IMG_5977.JPG,seg_IMG_5977.JPG,924
925,32214.jpg,seg_32214.jpg,925
926,33223.jpg,seg_33223.jpg,926
927,IMG_5966.JPG,seg_IMG_5966.JPG,927
928,32757.jpg,seg_32757.jpg,928
929,34098.jpg,seg_34098.jpg,929
930,32609.jpg,seg_32609.jpg,930
931,32772.jpg,seg_32772.jpg,931
932,32717.jpg,seg_32717.jpg,932
933,32298.jpg,seg_32298.jpg,933
934,38182.jpg,seg_38182.jpg,934
935,32892.jpg,seg_32892.jpg,935
936,33107.jpg,seg_33107.jpg,936
937,37559.jpg,seg_37559.jpg,937
938,IMG_6167.JPG,seg_IMG_6167.JPG,938
939,IMG_6016.JPG,seg_IMG_6016.JPG,939
940,33224.jpg,seg_33224.jpg,940
941,32937.jpg,seg_32937.jpg,941
942,34064.jpg,seg_34064.jpg,942
943,32780.jpg,seg_32780.jpg,943
944,32291.jpg,seg_32291.jpg,944
945,32500.jpg,seg_32500.jpg,945
946,32479.jpg,seg_32479.jpg,946
947,33118.jpg,seg_33118.jpg,947
948,IMG_6120.JPG,seg_IMG_6120.JPG,948
949,32174.jpg,seg_32174.jpg,949
950,34070.jpg,seg_34070.jpg,950
951,32421.jpg,seg_32421.jpg,951
952,IMG_6028.JPG,seg_IMG_6028.JPG,952
953,32169.jpg,seg_32169.jpg,953
954,32347.jpg,seg_32347.jpg,954
955,32448.jpg,seg_32448.jpg,955
956,IMG_6093.JPG,seg_IMG_6093.JPG,956
957,34046.jpg,seg_34046.jpg,957
958,33664.jpg,seg_33664.jpg,958
959,33668.jpg,seg_33668.jpg,959
960,34073.jpg,seg_34073.jpg,960
961,32551.jpg,seg_32551.jpg,961
962,32610.jpg,seg_32610.jpg,962
963,IMG_5980.JPG,seg_IMG_5980.JPG,963
964,32768.jpg,seg_32768.jpg,964
965,12198.jpg,seg_12198.jpg,965
966,38441.jpg,seg_38441.jpg,966
967,32762.jpg,seg_32762.jpg,967
968,32604.jpg,seg_32604.jpg,968
969,IMG_6095.JPG,seg_IMG_6095.JPG,969
970,32438.jpg,seg_32438.jpg,970
971,32969.jpg,seg_32969.jpg,971
972,32167.jpg,seg_32167.jpg,972
973,IMG_5913.JPG,seg_IMG_5913.JPG,973
974,32489.jpg,seg_32489.jpg,974
975,IMG_5965.JPG,seg_IMG_5965.JPG,975
976,32722.jpg,seg_32722.jpg,976
977,IMG_6195.JPG,seg_IMG_6195.JPG,977
978,33482.jpg,seg_33482.jpg,978
979,34303.jpg,seg_34303.jpg,979
980,32688.jpg,seg_32688.jpg,980
981,34036.jpg,seg_34036.jpg,981
982,33653.jpg,seg_33653.jpg,982
983,34293.jpg,seg_34293.jpg,983
984,IMG_6094.JPG,seg_IMG_6094.JPG,984
985,32222.jpg,seg_32222.jpg,985
986,IMG_6049.JPG,seg_IMG_6049.JPG,986
987,32670.jpg,seg_32670.jpg,987
988,33168.jpg,seg_33168.jpg,988
989,32694.jpg,seg_32694.jpg,989
990,IMG_5928.JPG,seg_IMG_5928.JPG,990
991,33132.jpg,seg_33132.jpg,991
992,33596.jpg,seg_33596.jpg,992
993,33303.jpg,seg_33303.jpg,993
994,32316.jpg,seg_32316.jpg,994
995,32759.jpg,seg_32759.jpg,995
996,33066.jpg,seg_33066.jpg,996
997,32977.jpg,seg_32977.jpg,997
998,33622.jpg,seg_33622.jpg,998
999,38260.jpg,seg_38260.jpg,999
1000,IMG_6029.JPG,seg_IMG_6029.JPG,1000
1001,32581.jpg,seg_32581.jpg,1001
1002,IMG_5946.JPG,seg_IMG_5946.JPG,1002
1003,32254.jpg,seg_32254.jpg,1003
1004,IMG_6116.JPG,seg_IMG_6116.JPG,1004
1005,32416.jpg,seg_32416.jpg,1005
1006,34020.jpg,seg_34020.jpg,1006
1007,IMG_6113.JPG,seg_IMG_6113.JPG,1007
1008,32583.jpg,seg_32583.jpg,1008
1009,IMG_5968.JPG,seg_IMG_5968.JPG,1009
1010,32197.jpg,seg_32197.jpg,1010
1011,231.jpg,seg_231.jpg,1011
1012,IMG_6126.JPG,seg_IMG_6126.JPG,1012
1013,12239.jpg,seg_12239.jpg,1013
1014,34068.jpg,seg_34068.jpg,1014
1015,IMG_6025.JPG,seg_IMG_6025.JPG,1015
1016,32484.jpg,seg_32484.jpg,1016
1017,303.jpg,seg_303.jpg,1017
1018,IMG_6181.JPG,seg_IMG_6181.JPG,1018
1019,32896.jpg,seg_32896.jpg,1019
1020,32889.jpg,seg_32889.jpg,1020
1021,32501.jpg,seg_32501.jpg,1021
1022,32894.jpg,seg_32894.jpg,1022
1023,34031.jpg,seg_34031.jpg,1023
1024,33304.jpg,seg_33304.jpg,1024
1025,IMG_5939.JPG,seg_IMG_5939.JPG,1025
1026,32686.jpg,seg_32686.jpg,1026
1027,32958.jpg,seg_32958.jpg,1027
1028,32946.jpg,seg_32946.jpg,1028
1029,32284.jpg,seg_32284.jpg,1029
1030,IMG_6153.JPG,seg_IMG_6153.JPG,1030
1031,32706.jpg,seg_32706.jpg,1031
1032,32252.jpg,seg_32252.jpg,1032
1033,37632.jpg,seg_37632.jpg,1033
1034,33073.jpg,seg_33073.jpg,1034
1035,32700.jpg,seg_32700.jpg,1035
1036,32216.jpg,seg_32216.jpg,1036
1037,32748.jpg,seg_32748.jpg,1037
1038,IMG_6046.JPG,seg_IMG_6046.JPG,1038
1039,34039.jpg,seg_34039.jpg,1039
1040,33220.jpg,seg_33220.jpg,1040
1041,IMG_6060.JPG,seg_IMG_6060.JPG,1041
1042,32187.jpg,seg_32187.jpg,1042
1043,32779.jpg,seg_32779.jpg,1043
1044,33297.jpg,seg_33297.jpg,1044
1045,32924.jpg,seg_32924.jpg,1045
1046,34037.jpg,seg_34037.jpg,1046
1047,IMG_6160.JPG,seg_IMG_6160.JPG,1047
1048,33629.jpg,seg_33629.jpg,1048
1049,IMG_6035.JPG,seg_IMG_6035.JPG,1049
1050,32697.jpg,seg_32697.jpg,1050
1051,32204.jpg,seg_32204.jpg,1051
1052,32499.jpg,seg_32499.jpg,1052
1053,IMG_6015.JPG,seg_IMG_6015.JPG,1053
1054,316.jpg,seg_316.jpg,1054
1055,32559.jpg,seg_32559.jpg,1055
1056,37683.jpg,seg_37683.jpg,1056
1057,33065.jpg,seg_33065.jpg,1057
1058,33208.jpg,seg_33208.jpg,1058
1059,32457.jpg,seg_32457.jpg,1059
1060,34281.jpg,seg_34281.jpg,1060
1061,IMG_6115.JPG,seg_IMG_6115.JPG,1061
1062,32181.jpg,seg_32181.jpg,1062
1063,34047.jpg,seg_34047.jpg,1063
1064,32467.jpg,seg_32467.jpg,1064
1065,IMG_6178.JPG,seg_IMG_6178.JPG,1065
1066,32751.jpg,seg_32751.jpg,1066
1067,IMG_6129.JPG,seg_IMG_6129.JPG,1067
1068,37140.jpg,seg_37140.jpg,1068
1069,33483.jpg,seg_33483.jpg,1069
1070,IMG_5937.JPG,seg_IMG_5937.JPG,1070
1071,34080.jpg,seg_34080.jpg,1071
1072,32323.jpg,seg_32323.jpg,1072
1073,32439.jpg,seg_32439.jpg,1073
1074,34138.jpg,seg_34138.jpg,1074
1075,32495.jpg,seg_32495.jpg,1075
1076,34008.jpg,seg_34008.jpg,1076
1077,32288.jpg,seg_32288.jpg,1077
1078,32753.jpg,seg_32753.jpg,1078
1079,38170.jpg,seg_38170.jpg,1079
1080,34034.jpg,seg_34034.jpg,1080
1081,IMG_6161.JPG,seg_IMG_6161.JPG,1081
1082,32881.jpg,seg_32881.jpg,1082
1083,320.jpg,seg_320.jpg,1083
1084,32707.jpg,seg_32707.jpg,1084
1085,32366.jpg,seg_32366.jpg,1085
1086,32419.jpg,seg_32419.jpg,1086
1087,32788.jpg,seg_32788.jpg,1087
1088,34074.jpg,seg_34074.jpg,1088
1089,32180.jpg,seg_32180.jpg,1089
1090,32592.jpg,seg_32592.jpg,1090
1091,32901.jpg,seg_32901.jpg,1091
1092,32235.jpg,seg_32235.jpg,1092
1093,232.jpg,seg_232.jpg,1093
1094,33513.jpg,seg_33513.jpg,1094
1095,33105.jpg,seg_33105.jpg,1095
1096,IMG_6088.JPG,seg_IMG_6088.JPG,1096
1097,32274.jpg,seg_32274.jpg,1097
1098,32620.jpg,seg_32620.jpg,1098
1099,IMG_6074.JPG,seg_IMG_6074.JPG,1099
1100,32536.jpg,seg_32536.jpg,1100
1101,IMG_6106.JPG,seg_IMG_6106.JPG,1101
1102,32797.jpg,seg_32797.jpg,1102
1103,34026.jpg,seg_34026.jpg,1103
1104,32231.jpg,seg_32231.jpg,1104
1105,IMG_5934.JPG,seg_IMG_5934.JPG,1105
1106,33647.jpg,seg_33647.jpg,1106
1107,33658.jpg,seg_33658.jpg,1107
1108,32720.jpg,seg_32720.jpg,1108
1109,37100.jpg,seg_37100.jpg,1109
1110,IMG_6079.JPG,seg_IMG_6079.JPG,1110
1111,IMG_6014.JPG,seg_IMG_6014.JPG,1111
1112,32521.jpg,seg_32521.jpg,1112
1113,32449.jpg,seg_32449.jpg,1113
1114,IMG_6042.JPG,seg_IMG_6042.JPG,1114
1115,37103.jpg,seg_37103.jpg,1115
1116,32348.jpg,seg_32348.jpg,1116
1117,34041.jpg,seg_34041.jpg,1117
1118,32585.jpg,seg_32585.jpg,1118
1119,32462.jpg,seg_32462.jpg,1119
1120,37019.jpg,seg_37019.jpg,1120
1121,306.jpg,seg_306.jpg,1121
1122,32246.jpg,seg_32246.jpg,1122
1123,32917.jpg,seg_32917.jpg,1123
1124,32178.jpg,seg_32178.jpg,1124
1125,33511.jpg,seg_33511.jpg,1125
1126,32498.jpg,seg_32498.jpg,1126
1127,34003.jpg,seg_34003.jpg,1127
1128,IMG_6131.JPG,seg_IMG_6131.JPG,1128
1129,32184.jpg,seg_32184.jpg,1129
1130,32711.jpg,seg_32711.jpg,1130
1131,33639.jpg,seg_33639.jpg,1131
1132,32844.jpg,seg_32844.jpg,1132
1133,33624.jpg,seg_33624.jpg,1133
1134,32233.jpg,seg_32233.jpg,1134
1135,33086.jpg,seg_33086.jpg,1135
1136,IMG_6114.JPG,seg_IMG_6114.JPG,1136
1137,32485.jpg,seg_32485.jpg,1137
1138,32945.jpg,seg_32945.jpg,1138
1139,33128.jpg,seg_33128.jpg,1139
1140,34315.jpg,seg_34315.jpg,1140
1141,32261.jpg,seg_32261.jpg,1141
1142,304.jpg,seg_304.jpg,1142
1143,33200.jpg,seg_33200.jpg,1143
1144,IMG_6194.JPG,seg_IMG_6194.JPG,1144
1145,IMG_5960.JPG,seg_IMG_5960.JPG,1145
1146,34038.jpg,seg_34038.jpg,1146
1147,32598.jpg,seg_32598.jpg,1147
1148,32692.jpg,seg_32692.jpg,1148
1149,33092.jpg,seg_33092.jpg,1149
1150,32923.jpg,seg_32923.jpg,1150
1151,32375.jpg,seg_32375.jpg,1151
1152,32951.jpg,seg_32951.jpg,1152
1153,34005.jpg,seg_34005.jpg,1153
1154,33292.jpg,seg_33292.jpg,1154
1155,32558.jpg,seg_32558.jpg,1155
1156,32213.jpg,seg_32213.jpg,1156
1157,IMG_5926.JPG,seg_IMG_5926.JPG,1157
1158,32943.jpg,seg_32943.jpg,1158
1159,32443.jpg,seg_32443.jpg,1159
1160,32705.jpg,seg_32705.jpg,1160
1161,32318.jpg,seg_32318.jpg,1161
1162,33164.jpg,seg_33164.jpg,1162
1163,33122.jpg,seg_33122.jpg,1163
1164,32236.jpg,seg_32236.jpg,1164
1165,IMG_5976.JPG,seg_IMG_5976.JPG,1165
1166,32488.jpg,seg_32488.jpg,1166
1167,IMG_6056.JPG,seg_IMG_6056.JPG,1167
1168,32182.jpg,seg_32182.jpg,1168
1169,IMG_6066.JPG,seg_IMG_6066.JPG,1169
1170,34089.jpg,seg_34089.jpg,1170
1171,32225.jpg,seg_32225.jpg,1171
1172,32895.jpg,seg_32895.jpg,1172
1173,33097.jpg,seg_33097.jpg,1173
1174,IMG_6087.JPG,seg_IMG_6087.JPG,1174
1175,32970.jpg,seg_32970.jpg,1175
